{"cameraMode":{"drawMode":0,"name":"Shaded","section":"Shading Mode"},"sceneLighting":false,"audioPlay":false,"sceneViewState":{"m_AlwaysRefresh":false,"showFog":true,"showSkybox":false,"showFlares":true,"showImageEffects":true,"showParticleSystems":true,"showVisualEffectGraphs":true,"m_FxEnabled":true},"in2DMode":false,"pivot":{"x":-0.0010999999940395356,"y":0.009418424218893052,"z":-0.0018999986350536347},"rotation":{"x":-0.05252479761838913,"y":0.9471109509468079,"z":-0.20961448550224305,"w":-0.23731663823127747},"size":0.11187983304262161,"orthographic":false}